{
    "id": "a0i-version-Star",
    "F0352_uJAVA": -20.338459014892578,
    "F0378": -21.04029083251953,
    "F0395": -21.256359100341797,
    "F0410": -21.285093307495117,
    "F0430": -21.253894805908203,
    "F0475_gSDSS": -21.229833602905273,
    "F0515": -21.204545974731445,
    "F0626_rSDSS": -21.029287338256836,
    "F0660": -20.973133087158203,
    "F0769_iSDSS": -20.85426139831543,
    "F0861": -20.81769561767578,
    "F0883_zSDSS": -20.777265548706055
}