{
    "id": "a0iii-version-Star",
    "F0352_uJAVA": -20.09465217590332,
    "F0378": -20.560184478759766,
    "F0395": -21.006324768066406,
    "F0410": -21.242263793945312,
    "F0430": -21.225683212280273,
    "F0475_gSDSS": -21.212360382080078,
    "F0515": -21.182634353637695,
    "F0626_rSDSS": -21.007863998413086,
    "F0660": -20.879436492919922,
    "F0769_iSDSS": -20.788406372070312,
    "F0861": -20.684030532836914,
    "F0883_zSDSS": -20.666912078857422
}