{
    "id": "a0iv-version-Star",
    "F0352_uJAVA": -20.128870010375977,
    "F0378": -20.62276840209961,
    "F0395": -21.167200088500977,
    "F0410": -21.366209030151367,
    "F0430": -21.3394832611084,
    "F0475_gSDSS": -21.275253295898438,
    "F0515": -21.204771041870117,
    "F0626_rSDSS": -21.008546829223633,
    "F0660": -20.877355575561523,
    "F0769_iSDSS": -20.788646697998047,
    "F0861": -20.684375762939453,
    "F0883_zSDSS": -20.66678810119629
}