{
    "id": "a0v-version-Star",
    "F0352_uJAVA": -20.092697143554688,
    "F0378": -20.572813034057617,
    "F0395": -21.062164306640625,
    "F0410": -21.272411346435547,
    "F0430": -21.280471801757812,
    "F0475_gSDSS": -21.236310958862305,
    "F0515": -21.209455490112305,
    "F0626_rSDSS": -21.003847122192383,
    "F0660": -20.864620208740234,
    "F0769_iSDSS": -20.800098419189453,
    "F0861": -20.673524856567383,
    "F0883_zSDSS": -20.66375160217285
}