{
    "id": "a2i-version-Star",
    "F0352_uJAVA": -20.27091407775879,
    "F0378": -20.899717330932617,
    "F0395": -21.01507568359375,
    "F0410": -21.137943267822266,
    "F0430": -21.13549041748047,
    "F0475_gSDSS": -21.14647674560547,
    "F0515": -21.152517318725586,
    "F0626_rSDSS": -21.050582885742188,
    "F0660": -21.01043701171875,
    "F0769_iSDSS": -20.886079788208008,
    "F0861": -20.83013153076172,
    "F0883_zSDSS": -20.787546157836914
}