{
    "id": "a2v-version-Star",
    "F0352_uJAVA": -19.98792839050293,
    "F0378": -20.517702102661133,
    "F0395": -21.054607391357422,
    "F0410": -21.260128021240234,
    "F0430": -21.24066925048828,
    "F0475_gSDSS": -21.222055435180664,
    "F0515": -21.19609832763672,
    "F0626_rSDSS": -21.016637802124023,
    "F0660": -20.892940521240234,
    "F0769_iSDSS": -20.83138084411621,
    "F0861": -20.73488998413086,
    "F0883_zSDSS": -20.710590362548828
}