{
    "id": "a3iii-version-Star",
    "F0352_uJAVA": -19.819883346557617,
    "F0378": -20.435134887695312,
    "F0395": -20.90508460998535,
    "F0410": -21.13210678100586,
    "F0430": -21.12876319885254,
    "F0475_gSDSS": -21.15311622619629,
    "F0515": -21.174036026000977,
    "F0626_rSDSS": -21.04960823059082,
    "F0660": -20.94919204711914,
    "F0769_iSDSS": -20.858802795410156,
    "F0861": -20.75368881225586,
    "F0883_zSDSS": -20.745025634765625
}