{
    "id": "a47iv-version-Star",
    "F0352_uJAVA": -19.94615936279297,
    "F0378": -20.498144149780273,
    "F0395": -20.876916885375977,
    "F0410": -21.172359466552734,
    "F0430": -21.20803451538086,
    "F0475_gSDSS": -21.193368911743164,
    "F0515": -21.17420196533203,
    "F0626_rSDSS": -21.03502655029297,
    "F0660": -20.933137893676758,
    "F0769_iSDSS": -20.87265396118164,
    "F0861": -20.765789031982422,
    "F0883_zSDSS": -20.77399253845215
}