{
    "id": "a5iii-version-Star",
    "F0352_uJAVA": -19.82419776916504,
    "F0378": -20.3525447845459,
    "F0395": -20.78261947631836,
    "F0410": -21.06218719482422,
    "F0430": -21.093311309814453,
    "F0475_gSDSS": -21.120452880859375,
    "F0515": -21.154735565185547,
    "F0626_rSDSS": -21.06098747253418,
    "F0660": -20.976533889770508,
    "F0769_iSDSS": -20.933574676513672,
    "F0861": -20.869640350341797,
    "F0883_zSDSS": -20.8594913482666
}