{
    "id": "a5v-version-Star",
    "F0352_uJAVA": -19.84943389892578,
    "F0378": -20.389474868774414,
    "F0395": -20.855022430419922,
    "F0410": -21.095548629760742,
    "F0430": -21.094831466674805,
    "F0475_gSDSS": -21.125717163085938,
    "F0515": -21.159652709960938,
    "F0626_rSDSS": -21.039669036865234,
    "F0660": -20.92864990234375,
    "F0769_iSDSS": -20.913921356201172,
    "F0861": -20.842185974121094,
    "F0883_zSDSS": -20.83940887451172
}