{
    "id": "a7v-version-Star",
    "F0352_uJAVA": -19.84659194946289,
    "F0378": -20.30411148071289,
    "F0395": -20.724092483520508,
    "F0410": -21.014936447143555,
    "F0430": -21.044008255004883,
    "F0475_gSDSS": -21.10038948059082,
    "F0515": -21.13540267944336,
    "F0626_rSDSS": -21.090436935424805,
    "F0660": -21.00874137878418,
    "F0769_iSDSS": -20.99721908569336,
    "F0861": -20.93265151977539,
    "F0883_zSDSS": -20.935354232788086
}