{
    "id": "b0i-version-Star",
    "F0352_uJAVA": -21.713409423828125,
    "F0378": -21.668092727661133,
    "F0395": -21.668949127197266,
    "F0410": -21.578454971313477,
    "F0430": -21.50194549560547,
    "F0475_gSDSS": -21.401832580566406,
    "F0515": -21.303089141845703,
    "F0626_rSDSS": -20.9368896484375,
    "F0660": -20.84075164794922,
    "F0769_iSDSS": -20.62262725830078,
    "F0861": -20.416114807128906,
    "F0883_zSDSS": -20.35917854309082
}