{
    "id": "b1i-version-Star",
    "F0352_uJAVA": -21.58637237548828,
    "F0378": -21.61790657043457,
    "F0395": -21.60869026184082,
    "F0410": -21.5280818939209,
    "F0430": -21.455913543701172,
    "F0475_gSDSS": -21.376192092895508,
    "F0515": -21.296533584594727,
    "F0626_rSDSS": -20.9950008392334,
    "F0660": -20.98284149169922,
    "F0769_iSDSS": -20.697818756103516,
    "F0861": -20.457298278808594,
    "F0883_zSDSS": -20.407743453979492
}