{
    "id": "b2ii-version-Star",
    "F0352_uJAVA": -21.51677703857422,
    "F0378": -21.55614471435547,
    "F0395": -21.569862365722656,
    "F0410": -21.506885528564453,
    "F0430": -21.45736312866211,
    "F0475_gSDSS": -21.372638702392578,
    "F0515": -21.28949546813965,
    "F0626_rSDSS": -20.946767807006836,
    "F0660": -20.828102111816406,
    "F0769_iSDSS": -20.620641708374023,
    "F0861": -20.4459171295166,
    "F0883_zSDSS": -20.394277572631836
}