{
    "id": "b3i-version-Star",
    "F0352_uJAVA": -21.260828018188477,
    "F0378": -21.434215545654297,
    "F0395": -21.512117385864258,
    "F0410": -21.481462478637695,
    "F0430": -21.42860984802246,
    "F0475_gSDSS": -21.309524536132812,
    "F0515": -21.209083557128906,
    "F0626_rSDSS": -20.973390579223633,
    "F0660": -20.89202880859375,
    "F0769_iSDSS": -20.675107955932617,
    "F0861": -20.482351303100586,
    "F0883_zSDSS": -20.446168899536133
}