{
    "id": "b3iii-version-Star",
    "F0352_uJAVA": -21.252532958984375,
    "F0378": -21.3575496673584,
    "F0395": -21.510379791259766,
    "F0410": -21.514055252075195,
    "F0430": -21.501401901245117,
    "F0475_gSDSS": -21.37448501586914,
    "F0515": -21.266822814941406,
    "F0626_rSDSS": -20.927000045776367,
    "F0660": -20.81731414794922,
    "F0769_iSDSS": -20.649816513061523,
    "F0861": -20.479440689086914,
    "F0883_zSDSS": -20.435815811157227
}