{
    "id": "b3v-version-Star",
    "F0352_uJAVA": -21.247425079345703,
    "F0378": -21.390901565551758,
    "F0395": -21.585262298583984,
    "F0410": -21.56875228881836,
    "F0430": -21.497623443603516,
    "F0475_gSDSS": -21.385831832885742,
    "F0515": -21.280298233032227,
    "F0626_rSDSS": -20.954248428344727,
    "F0660": -20.827775955200195,
    "F0769_iSDSS": -20.672565460205078,
    "F0861": -20.4947566986084,
    "F0883_zSDSS": -20.45313835144043
}