{
    "id": "b57v-version-Star",
    "F0352_uJAVA": -20.823116302490234,
    "F0378": -21.131010055541992,
    "F0395": -21.430278778076172,
    "F0410": -21.477773666381836,
    "F0430": -21.418590545654297,
    "F0475_gSDSS": -21.33238983154297,
    "F0515": -21.23722267150879,
    "F0626_rSDSS": -20.9666748046875,
    "F0660": -20.846885681152344,
    "F0769_iSDSS": -20.72010040283203,
    "F0861": -20.56828498840332,
    "F0883_zSDSS": -20.528139114379883
}