{
    "id": "b5i-version-Star",
    "F0352_uJAVA": -21.148481369018555,
    "F0378": -21.350505828857422,
    "F0395": -21.418563842773438,
    "F0410": -21.370437622070312,
    "F0430": -21.32472801208496,
    "F0475_gSDSS": -21.280370712280273,
    "F0515": -21.245145797729492,
    "F0626_rSDSS": -21.007286071777344,
    "F0660": -20.95606231689453,
    "F0769_iSDSS": -20.79949378967285,
    "F0861": -20.686906814575195,
    "F0883_zSDSS": -20.64679718017578
}