{
    "id": "b5ii-version-Star",
    "F0352_uJAVA": -21.108781814575195,
    "F0378": -21.310644149780273,
    "F0395": -21.427242279052734,
    "F0410": -21.44708824157715,
    "F0430": -21.405921936035156,
    "F0475_gSDSS": -21.30952262878418,
    "F0515": -21.217693328857422,
    "F0626_rSDSS": -20.971149444580078,
    "F0660": -20.858583450317383,
    "F0769_iSDSS": -20.66119956970215,
    "F0861": -20.484222412109375,
    "F0883_zSDSS": -20.44523048400879
}