{
    "id": "b5iii-version-Star",
    "F0352_uJAVA": -20.96769142150879,
    "F0378": -21.196197509765625,
    "F0395": -21.446805953979492,
    "F0410": -21.468427658081055,
    "F0430": -21.481760025024414,
    "F0475_gSDSS": -21.363536834716797,
    "F0515": -21.266639709472656,
    "F0626_rSDSS": -20.973705291748047,
    "F0660": -20.86839485168457,
    "F0769_iSDSS": -20.722370147705078,
    "F0861": -20.550384521484375,
    "F0883_zSDSS": -20.524484634399414
}