{
    "id": "b8v-version-Star",
    "F0352_uJAVA": -20.502622604370117,
    "F0378": -20.948564529418945,
    "F0395": -21.3704833984375,
    "F0410": -21.435766220092773,
    "F0430": -21.385866165161133,
    "F0475_gSDSS": -21.291908264160156,
    "F0515": -21.189252853393555,
    "F0626_rSDSS": -20.981311798095703,
    "F0660": -20.863300323486328,
    "F0769_iSDSS": -20.728158950805664,
    "F0861": -20.62076759338379,
    "F0883_zSDSS": -20.592153549194336
}