{
    "id": "b9iii-version-Star",
    "F0352_uJAVA": -20.301637649536133,
    "F0378": -20.828678131103516,
    "F0395": -21.290372848510742,
    "F0410": -21.393346786499023,
    "F0430": -21.389535903930664,
    "F0475_gSDSS": -21.30084228515625,
    "F0515": -21.22797203063965,
    "F0626_rSDSS": -20.99976348876953,
    "F0660": -20.86219596862793,
    "F0769_iSDSS": -20.747236251831055,
    "F0861": -20.624767303466797,
    "F0883_zSDSS": -20.615325927734375
}