{
    "id": "b9v-version-Star",
    "F0352_uJAVA": -20.374412536621094,
    "F0378": -20.8541316986084,
    "F0395": -21.23168182373047,
    "F0410": -21.36845588684082,
    "F0430": -21.334125518798828,
    "F0475_gSDSS": -21.272214889526367,
    "F0515": -21.215726852416992,
    "F0626_rSDSS": -21.01268768310547,
    "F0660": -20.899566650390625,
    "F0769_iSDSS": -20.76483154296875,
    "F0861": -20.657245635986328,
    "F0883_zSDSS": -20.62374496459961
}