{
    "id": "f02iv-version-Star",
    "F0352_uJAVA": -19.814281463623047,
    "F0378": -20.282470703125,
    "F0395": -20.458694458007812,
    "F0410": -20.819866180419922,
    "F0430": -20.880462646484375,
    "F0475_gSDSS": -20.999338150024414,
    "F0515": -21.080625534057617,
    "F0626_rSDSS": -21.150747299194336,
    "F0660": -21.127031326293945,
    "F0769_iSDSS": -21.141433715820312,
    "F0861": -21.085010528564453,
    "F0883_zSDSS": -21.084779739379883
}