{
    "id": "f0ii-version-Star",
    "F0352_uJAVA": -19.51702117919922,
    "F0378": -20.549942016601562,
    "F0395": -20.88947296142578,
    "F0410": -21.121723175048828,
    "F0430": -21.091331481933594,
    "F0475_gSDSS": -21.143163681030273,
    "F0515": -21.17003059387207,
    "F0626_rSDSS": -21.084545135498047,
    "F0660": -21.03546714782715,
    "F0769_iSDSS": -20.97589683532715,
    "F0861": -20.897348403930664,
    "F0883_zSDSS": -20.895160675048828
}