{
    "id": "f0iii-version-Star",
    "F0352_uJAVA": -19.730426788330078,
    "F0378": -20.256452560424805,
    "F0395": -20.597272872924805,
    "F0410": -20.908124923706055,
    "F0430": -20.956451416015625,
    "F0475_gSDSS": -21.051910400390625,
    "F0515": -21.111446380615234,
    "F0626_rSDSS": -21.108341217041016,
    "F0660": -21.04995346069336,
    "F0769_iSDSS": -21.05430030822754,
    "F0861": -21.049560546875,
    "F0883_zSDSS": -21.04962730407715
}