{
    "id": "f0v-version-Star",
    "F0352_uJAVA": -19.835853576660156,
    "F0378": -20.229736328125,
    "F0395": -20.55994415283203,
    "F0410": -20.870071411132812,
    "F0430": -20.92226219177246,
    "F0475_gSDSS": -21.026647567749023,
    "F0515": -21.092336654663086,
    "F0626_rSDSS": -21.135347366333008,
    "F0660": -21.08914566040039,
    "F0769_iSDSS": -21.114490509033203,
    "F0861": -21.041736602783203,
    "F0883_zSDSS": -21.033702850341797
}