{
    "id": "f2ii-version-Star",
    "F0352_uJAVA": -19.481895446777344,
    "F0378": -20.19904136657715,
    "F0395": -20.48661231994629,
    "F0410": -20.837923049926758,
    "F0430": -20.8845157623291,
    "F0475_gSDSS": -21.004718780517578,
    "F0515": -21.07872200012207,
    "F0626_rSDSS": -21.140644073486328,
    "F0660": -21.09725570678711,
    "F0769_iSDSS": -21.092864990234375,
    "F0861": -21.052772521972656,
    "F0883_zSDSS": -21.065673828125
}