{
    "id": "f2iii-version-Star",
    "F0352_uJAVA": -19.724393844604492,
    "F0378": -20.15162467956543,
    "F0395": -20.342613220214844,
    "F0410": -20.683425903320312,
    "F0430": -20.760906219482422,
    "F0475_gSDSS": -20.930923461914062,
    "F0515": -21.029401779174805,
    "F0626_rSDSS": -21.161672592163086,
    "F0660": -21.162899017333984,
    "F0769_iSDSS": -21.157764434814453,
    "F0861": -21.13428497314453,
    "F0883_zSDSS": -21.13909339904785
}