{
    "id": "f5i-version-Star",
    "F0352_uJAVA": -19.5249080657959,
    "F0378": -20.39832878112793,
    "F0395": -20.485673904418945,
    "F0410": -20.925426483154297,
    "F0430": -20.975780487060547,
    "F0475_gSDSS": -21.071182250976562,
    "F0515": -21.129533767700195,
    "F0626_rSDSS": -21.14813804626465,
    "F0660": -21.13127326965332,
    "F0769_iSDSS": -21.134620666503906,
    "F0861": -21.10067367553711,
    "F0883_zSDSS": -21.119091033935547
}