{
    "id": "f5iii-version-Star",
    "F0352_uJAVA": -19.72965431213379,
    "F0378": -20.108152389526367,
    "F0395": -20.295047760009766,
    "F0410": -20.700225830078125,
    "F0430": -20.770700454711914,
    "F0475_gSDSS": -20.944311141967773,
    "F0515": -21.048009872436523,
    "F0626_rSDSS": -21.191082000732422,
    "F0660": -21.19422721862793,
    "F0769_iSDSS": -21.227018356323242,
    "F0861": -21.19245719909668,
    "F0883_zSDSS": -21.216875076293945
}