{
    "id": "f5v-version-Star",
    "F0352_uJAVA": -19.841205596923828,
    "F0378": -20.150087356567383,
    "F0395": -20.267303466796875,
    "F0410": -20.655065536499023,
    "F0430": -20.73470687866211,
    "F0475_gSDSS": -20.930946350097656,
    "F0515": -21.054677963256836,
    "F0626_rSDSS": -21.187101364135742,
    "F0660": -21.189998626708984,
    "F0769_iSDSS": -21.218669891357422,
    "F0861": -21.206371307373047,
    "F0883_zSDSS": -21.205049514770508
}