{
    "id": "f8i-version-Star",
    "F0352_uJAVA": -19.00040626525879,
    "F0378": -19.7684268951416,
    "F0395": -19.842369079589844,
    "F0410": -20.42105484008789,
    "F0430": -20.54559898376465,
    "F0475_gSDSS": -20.82586097717285,
    "F0515": -20.994028091430664,
    "F0626_rSDSS": -21.19121742248535,
    "F0660": -21.193016052246094,
    "F0769_iSDSS": -21.206579208374023,
    "F0861": -21.166149139404297,
    "F0883_zSDSS": -21.19120979309082
}