{
    "id": "g0i-version-Star",
    "F0352_uJAVA": -18.94928741455078,
    "F0378": -19.448083877563477,
    "F0395": -19.455801010131836,
    "F0410": -20.130308151245117,
    "F0430": -20.339862823486328,
    "F0475_gSDSS": -20.71501922607422,
    "F0515": -20.928298950195312,
    "F0626_rSDSS": -21.2766056060791,
    "F0660": -21.32179832458496,
    "F0769_iSDSS": -21.358795166015625,
    "F0861": -21.333356857299805,
    "F0883_zSDSS": -21.349855422973633
}