{
    "id": "g0iii-version-Star",
    "F0352_uJAVA": -19.339111328125,
    "F0378": -19.58210563659668,
    "F0395": -19.847063064575195,
    "F0410": -20.351655960083008,
    "F0430": -20.45962142944336,
    "F0475_gSDSS": -20.798418045043945,
    "F0515": -20.96306800842285,
    "F0626_rSDSS": -21.275928497314453,
    "F0660": -21.32583236694336,
    "F0769_iSDSS": -21.419776916503906,
    "F0861": -21.460189819335938,
    "F0883_zSDSS": -21.46834373474121
}