{
    "id": "g0iv-version-Star",
    "F0352_uJAVA": -19.490596771240234,
    "F0378": -19.740478515625,
    "F0395": -19.915876388549805,
    "F0410": -20.45433807373047,
    "F0430": -20.543312072753906,
    "F0475_gSDSS": -20.848909378051758,
    "F0515": -20.99875831604004,
    "F0626_rSDSS": -21.2391414642334,
    "F0660": -21.27143669128418,
    "F0769_iSDSS": -21.34834861755371,
    "F0861": -21.35045623779297,
    "F0883_zSDSS": -21.36029815673828
}