{
    "id": "g2i-version-Star",
    "F0352_uJAVA": -18.67082405090332,
    "F0378": -19.115869522094727,
    "F0395": -19.21305274963379,
    "F0410": -19.93990707397461,
    "F0430": -20.175060272216797,
    "F0475_gSDSS": -20.657819747924805,
    "F0515": -20.89946937561035,
    "F0626_rSDSS": -21.31148338317871,
    "F0660": -21.368783950805664,
    "F0769_iSDSS": -21.43345069885254,
    "F0861": -21.416553497314453,
    "F0883_zSDSS": -21.427165985107422
}