{
    "id": "g5i-version-Star",
    "F0352_uJAVA": -18.306371688842773,
    "F0378": -18.7003231048584,
    "F0395": -18.893674850463867,
    "F0410": -19.591907501220703,
    "F0430": -19.908363342285156,
    "F0475_gSDSS": -20.55299186706543,
    "F0515": -20.84483528137207,
    "F0626_rSDSS": -21.337722778320312,
    "F0660": -21.433473587036133,
    "F0769_iSDSS": -21.490915298461914,
    "F0861": -21.511871337890625,
    "F0883_zSDSS": -21.518558502197266
}