{
    "id": "g5ii-version-Star",
    "F0352_uJAVA": -18.83864974975586,
    "F0378": -19.03815269470215,
    "F0395": -19.23212432861328,
    "F0410": -19.926414489746094,
    "F0430": -20.143577575683594,
    "F0475_gSDSS": -20.648738861083984,
    "F0515": -20.87864875793457,
    "F0626_rSDSS": -21.319570541381836,
    "F0660": -21.396934509277344,
    "F0769_iSDSS": -21.50659942626953,
    "F0861": -21.53754997253418,
    "F0883_zSDSS": -21.559003829956055
}