{
    "id": "g5iii-version-Star",
    "F0352_uJAVA": -18.850553512573242,
    "F0378": -19.032106399536133,
    "F0395": -19.25444221496582,
    "F0410": -19.950634002685547,
    "F0430": -20.16706085205078,
    "F0475_gSDSS": -20.677343368530273,
    "F0515": -20.91485023498535,
    "F0626_rSDSS": -21.336246490478516,
    "F0660": -21.42444610595703,
    "F0769_iSDSS": -21.549135208129883,
    "F0861": -21.610580444335938,
    "F0883_zSDSS": -21.619626998901367
}