{
    "id": "g5iv-version-Star",
    "F0352_uJAVA": -19.171049118041992,
    "F0378": -19.347959518432617,
    "F0395": -19.57087516784668,
    "F0410": -20.188114166259766,
    "F0430": -20.322799682617188,
    "F0475_gSDSS": -20.75539207458496,
    "F0515": -20.938745498657227,
    "F0626_rSDSS": -21.294654846191406,
    "F0660": -21.362743377685547,
    "F0769_iSDSS": -21.458938598632812,
    "F0861": -21.490978240966797,
    "F0883_zSDSS": -21.500255584716797
}