{
    "id": "g8iii-version-Star",
    "F0352_uJAVA": -18.630586624145508,
    "F0378": -18.844253540039062,
    "F0395": -19.13626480102539,
    "F0410": -19.837358474731445,
    "F0430": -20.08325958251953,
    "F0475_gSDSS": -20.627931594848633,
    "F0515": -20.863985061645508,
    "F0626_rSDSS": -21.34817886352539,
    "F0660": -21.43323516845703,
    "F0769_iSDSS": -21.58718490600586,
    "F0861": -21.664264678955078,
    "F0883_zSDSS": -21.68781280517578
}