{
    "id": "g8iv-version-Star",
    "F0352_uJAVA": -18.899702072143555,
    "F0378": -19.135892868041992,
    "F0395": -19.34610366821289,
    "F0410": -20.0802001953125,
    "F0430": -20.24686050415039,
    "F0475_gSDSS": -20.7060489654541,
    "F0515": -20.905515670776367,
    "F0626_rSDSS": -21.32794761657715,
    "F0660": -21.40111541748047,
    "F0769_iSDSS": -21.542091369628906,
    "F0861": -21.59524917602539,
    "F0883_zSDSS": -21.623186111450195
}