{
    "id": "k01ii-version-Star",
    "F0352_uJAVA": -17.702632904052734,
    "F0378": -17.978361129760742,
    "F0395": -18.32778549194336,
    "F0410": -19.173049926757812,
    "F0430": -19.626548767089844,
    "F0475_gSDSS": -20.443031311035156,
    "F0515": -20.761295318603516,
    "F0626_rSDSS": -21.426969528198242,
    "F0660": -21.538280487060547,
    "F0769_iSDSS": -21.718656539916992,
    "F0861": -21.823837280273438,
    "F0883_zSDSS": -21.864070892333984
}