{
    "id": "k0iii-version-Star",
    "F0352_uJAVA": -18.46718978881836,
    "F0378": -18.631269454956055,
    "F0395": -19.00812530517578,
    "F0410": -19.78330421447754,
    "F0430": -20.080883026123047,
    "F0475_gSDSS": -20.63473129272461,
    "F0515": -20.87630844116211,
    "F0626_rSDSS": -21.37175941467285,
    "F0660": -21.46847152709961,
    "F0769_iSDSS": -21.639976501464844,
    "F0861": -21.71251106262207,
    "F0883_zSDSS": -21.742206573486328
}