{
    "id": "k0iv-version-Star",
    "F0352_uJAVA": -18.59982681274414,
    "F0378": -18.812746047973633,
    "F0395": -19.088436126708984,
    "F0410": -19.834474563598633,
    "F0430": -20.061037063598633,
    "F0475_gSDSS": -20.62226104736328,
    "F0515": -20.84170150756836,
    "F0626_rSDSS": -21.371511459350586,
    "F0660": -21.466243743896484,
    "F0769_iSDSS": -21.619359970092773,
    "F0861": -21.725008010864258,
    "F0883_zSDSS": -21.74075698852539
}