{
    "id": "k0v-version-Star",
    "F0352_uJAVA": -19.069351196289062,
    "F0378": -19.305023193359375,
    "F0395": -19.503883361816406,
    "F0410": -20.16983413696289,
    "F0430": -20.290809631347656,
    "F0475_gSDSS": -20.722970962524414,
    "F0515": -20.893556594848633,
    "F0626_rSDSS": -21.329673767089844,
    "F0660": -21.415821075439453,
    "F0769_iSDSS": -21.5389347076416,
    "F0861": -21.56755256652832,
    "F0883_zSDSS": -21.601360321044922
}