{
    "id": "k3i-version-Star",
    "F0352_uJAVA": -16.868844985961914,
    "F0378": -17.233034133911133,
    "F0395": -17.496768951416016,
    "F0410": -18.560588836669922,
    "F0430": -19.137710571289062,
    "F0475_gSDSS": -20.23802375793457,
    "F0515": -20.55752944946289,
    "F0626_rSDSS": -21.548412322998047,
    "F0660": -21.738679885864258,
    "F0769_iSDSS": -21.981904983520508,
    "F0861": -22.088193893432617,
    "F0883_zSDSS": -22.146175384521484
}