{
    "id": "k3v-version-Star",
    "F0352_uJAVA": -18.49001693725586,
    "F0378": -18.644067764282227,
    "F0395": -18.89903450012207,
    "F0410": -19.81553840637207,
    "F0430": -20.019039154052734,
    "F0475_gSDSS": -20.573055267333984,
    "F0515": -20.61516571044922,
    "F0626_rSDSS": -21.404804229736328,
    "F0660": -21.51731300354004,
    "F0769_iSDSS": -21.717212677001953,
    "F0861": -21.80003547668457,
    "F0883_zSDSS": -21.827558517456055
}