{
    "id": "k4i-version-Star",
    "F0352_uJAVA": -16.807327270507812,
    "F0378": -17.116901397705078,
    "F0395": -17.339969635009766,
    "F0410": -18.370891571044922,
    "F0430": -18.992671966552734,
    "F0475_gSDSS": -20.1894474029541,
    "F0515": -20.530065536499023,
    "F0626_rSDSS": -21.58435821533203,
    "F0660": -21.77652359008789,
    "F0769_iSDSS": -22.18311309814453,
    "F0861": -22.455217361450195,
    "F0883_zSDSS": -22.509057998657227
}