{
    "id": "k4iii-version-Star",
    "F0352_uJAVA": -17.194005966186523,
    "F0378": -17.361427307128906,
    "F0395": -17.788528442382812,
    "F0410": -18.829160690307617,
    "F0430": -19.330039978027344,
    "F0475_gSDSS": -20.32156753540039,
    "F0515": -20.61383056640625,
    "F0626_rSDSS": -21.487504959106445,
    "F0660": -21.64626121520996,
    "F0769_iSDSS": -21.920669555664062,
    "F0861": -22.095956802368164,
    "F0883_zSDSS": -22.15105628967285
}