{
    "id": "k4v-version-Star",
    "F0352_uJAVA": -18.30256462097168,
    "F0378": -18.44370460510254,
    "F0395": -18.561349868774414,
    "F0410": -19.50575828552246,
    "F0430": -19.79686737060547,
    "F0475_gSDSS": -20.487972259521484,
    "F0515": -20.572778701782227,
    "F0626_rSDSS": -21.456146240234375,
    "F0660": -21.606454849243164,
    "F0769_iSDSS": -21.830947875976562,
    "F0861": -21.945650100708008,
    "F0883_zSDSS": -21.969865798950195
}