{
    "id": "k5iii-version-Star",
    "F0352_uJAVA": -17.02353286743164,
    "F0378": -17.419023513793945,
    "F0395": -17.74008560180664,
    "F0410": -18.858999252319336,
    "F0430": -19.37034797668457,
    "F0475_gSDSS": -20.326704025268555,
    "F0515": -20.584564208984375,
    "F0626_rSDSS": -21.542993545532227,
    "F0660": -21.725372314453125,
    "F0769_iSDSS": -22.111072540283203,
    "F0861": -22.337324142456055,
    "F0883_zSDSS": -22.402788162231445
}