{
    "id": "m0iii-version-Star",
    "F0352_uJAVA": -16.66310691833496,
    "F0378": -17.114086151123047,
    "F0395": -17.48276138305664,
    "F0410": -18.600576400756836,
    "F0430": -19.175718307495117,
    "F0475_gSDSS": -20.26002311706543,
    "F0515": -20.53493309020996,
    "F0626_rSDSS": -21.585474014282227,
    "F0660": -21.820833206176758,
    "F0769_iSDSS": -22.27588653564453,
    "F0861": -22.540477752685547,
    "F0883_zSDSS": -22.602649688720703
}