{
    "id": "m0v-version-Star",
    "F0352_uJAVA": -17.59332275390625,
    "F0378": -17.85706901550293,
    "F0395": -18.263507843017578,
    "F0410": -19.11904525756836,
    "F0430": -19.39006996154785,
    "F0475_gSDSS": -20.304475784301758,
    "F0515": -20.40085792541504,
    "F0626_rSDSS": -21.565061569213867,
    "F0660": -21.838430404663086,
    "F0769_iSDSS": -22.22801399230957,
    "F0861": -22.489465713500977,
    "F0883_zSDSS": -22.546640396118164
}