{
    "id": "m1iii-version-Star",
    "F0352_uJAVA": -16.7083797454834,
    "F0378": -17.219202041625977,
    "F0395": -17.48959732055664,
    "F0410": -18.63321304321289,
    "F0430": -19.19072723388672,
    "F0475_gSDSS": -20.245615005493164,
    "F0515": -20.51617431640625,
    "F0626_rSDSS": -21.574644088745117,
    "F0660": -21.804105758666992,
    "F0769_iSDSS": -22.31604766845703,
    "F0861": -22.589584350585938,
    "F0883_zSDSS": -22.668779373168945
}