{
    "id": "m1v-version-Star",
    "F0352_uJAVA": -17.503131866455078,
    "F0378": -17.925294876098633,
    "F0395": -18.287450790405273,
    "F0410": -19.06517791748047,
    "F0430": -19.346134185791016,
    "F0475_gSDSS": -20.318519592285156,
    "F0515": -20.465850830078125,
    "F0626_rSDSS": -21.576187133789062,
    "F0660": -21.87287139892578,
    "F0769_iSDSS": -22.400737762451172,
    "F0861": -22.695432662963867,
    "F0883_zSDSS": -22.779436111450195
}