{
    "id": "m2i-version-Star",
    "F0352_uJAVA": -16.536466598510742,
    "F0378": -17.133522033691406,
    "F0395": -17.365652084350586,
    "F0410": -18.36690902709961,
    "F0430": -18.948091506958008,
    "F0475_gSDSS": -20.184396743774414,
    "F0515": -20.58553695678711,
    "F0626_rSDSS": -21.7060489654541,
    "F0660": -21.969905853271484,
    "F0769_iSDSS": -22.766101837158203,
    "F0861": -23.130781173706055,
    "F0883_zSDSS": -23.221412658691406
}