{
    "id": "m2iii-version-Star",
    "F0352_uJAVA": -16.56914710998535,
    "F0378": -17.054794311523438,
    "F0395": -17.456727981567383,
    "F0410": -18.610719680786133,
    "F0430": -19.174375534057617,
    "F0475_gSDSS": -20.24542808532715,
    "F0515": -20.558731079101562,
    "F0626_rSDSS": -21.650049209594727,
    "F0660": -21.91597557067871,
    "F0769_iSDSS": -22.43991470336914,
    "F0861": -22.72776222229004,
    "F0883_zSDSS": -22.809795379638672
}