{
    "id": "m3iii-version-Star",
    "F0352_uJAVA": -16.69320297241211,
    "F0378": -17.24893569946289,
    "F0395": -17.53406524658203,
    "F0410": -18.669994354248047,
    "F0430": -19.21219825744629,
    "F0475_gSDSS": -20.27172088623047,
    "F0515": -20.6005802154541,
    "F0626_rSDSS": -21.65076446533203,
    "F0660": -21.921810150146484,
    "F0769_iSDSS": -22.70915412902832,
    "F0861": -23.095014572143555,
    "F0883_zSDSS": -23.19326400756836
}