{
    "id": "m3v-version-Star",
    "F0352_uJAVA": -17.524513244628906,
    "F0378": -18.033348083496094,
    "F0395": -18.54571533203125,
    "F0410": -19.03519058227539,
    "F0430": -19.16256332397461,
    "F0475_gSDSS": -20.34003257751465,
    "F0515": -20.615703582763672,
    "F0626_rSDSS": -21.72970199584961,
    "F0660": -22.185840606689453,
    "F0769_iSDSS": -23.00013542175293,
    "F0861": -23.41790008544922,
    "F0883_zSDSS": -23.539499282836914
}