{
    "id": "m4iii-version-Star",
    "F0352_uJAVA": -16.70607566833496,
    "F0378": -17.404197692871094,
    "F0395": -17.71420669555664,
    "F0410": -18.834766387939453,
    "F0430": -19.31393051147461,
    "F0475_gSDSS": -20.30535316467285,
    "F0515": -20.712360382080078,
    "F0626_rSDSS": -21.73484992980957,
    "F0660": -22.021968841552734,
    "F0769_iSDSS": -23.124738693237305,
    "F0861": -23.587533950805664,
    "F0883_zSDSS": -23.728254318237305
}