{
    "id": "m4v-version-Star",
    "F0352_uJAVA": -17.064443588256836,
    "F0378": -17.48048210144043,
    "F0395": -18.21630096435547,
    "F0410": -18.879396438598633,
    "F0430": -18.970287322998047,
    "F0475_gSDSS": -20.37017822265625,
    "F0515": -20.671586990356445,
    "F0626_rSDSS": -21.81021499633789,
    "F0660": -22.32030487060547,
    "F0769_iSDSS": -23.371644973754883,
    "F0861": -23.79521369934082,
    "F0883_zSDSS": -23.99689292907715
}