{
    "id": "m5iii-version-Star",
    "F0352_uJAVA": -17.383174896240234,
    "F0378": -18.10039710998535,
    "F0395": -18.374221801757812,
    "F0410": -19.351207733154297,
    "F0430": -19.597190856933594,
    "F0475_gSDSS": -20.390901565551758,
    "F0515": -20.835041046142578,
    "F0626_rSDSS": -21.86277198791504,
    "F0660": -22.179149627685547,
    "F0769_iSDSS": -23.53523063659668,
    "F0861": -24.06974220275879,
    "F0883_zSDSS": -24.300880432128906
}