{
    "id": "m6iii-version-Star",
    "F0352_uJAVA": -17.11919403076172,
    "F0378": -18.106908798217773,
    "F0395": -18.423498153686523,
    "F0410": -19.48868179321289,
    "F0430": -19.634248733520508,
    "F0475_gSDSS": -20.353347778320312,
    "F0515": -20.856523513793945,
    "F0626_rSDSS": -22.048049926757812,
    "F0660": -22.382619857788086,
    "F0769_iSDSS": -24.047813415527344,
    "F0861": -24.665075302124023,
    "F0883_zSDSS": -24.974714279174805
}