{
    "id": "m7iii-version-Star",
    "F0352_uJAVA": -17.818187713623047,
    "F0378": -18.885347366333008,
    "F0395": -19.188932418823242,
    "F0410": -20.216995239257812,
    "F0430": -19.84743309020996,
    "F0475_gSDSS": -20.372398376464844,
    "F0515": -20.864980697631836,
    "F0626_rSDSS": -22.3317928314209,
    "F0660": -22.66978645324707,
    "F0769_iSDSS": -24.840557098388672,
    "F0861": -25.62256622314453,
    "F0883_zSDSS": -26.084449768066406
}