{
    "id": "o8iii-version-Star",
    "F0352_uJAVA": -21.890586853027344,
    "F0378": -21.82515525817871,
    "F0395": -21.806638717651367,
    "F0410": -21.728771209716797,
    "F0430": -21.619422912597656,
    "F0475_gSDSS": -21.45577049255371,
    "F0515": -21.280061721801758,
    "F0626_rSDSS": -20.90533447265625,
    "F0660": -20.777801513671875,
    "F0769_iSDSS": -20.489543914794922,
    "F0861": -20.21968650817871,
    "F0883_zSDSS": -20.18537712097168
}