{
    "id": "rf6v-version-Star",
    "F0352_uJAVA": -19.70452880859375,
    "F0378": -20.02291488647461,
    "F0395": -20.10221290588379,
    "F0410": -20.577091217041016,
    "F0430": -20.649457931518555,
    "F0475_gSDSS": -20.889432907104492,
    "F0515": -21.017045974731445,
    "F0626_rSDSS": -21.22168731689453,
    "F0660": -21.239910125732422,
    "F0769_iSDSS": -21.311355590820312,
    "F0861": -21.28394889831543,
    "F0883_zSDSS": -21.316587448120117
}