{
    "id": "rf8v-version-Star",
    "F0352_uJAVA": -19.603418350219727,
    "F0378": -19.873687744140625,
    "F0395": -19.97976303100586,
    "F0410": -20.494226455688477,
    "F0430": -20.568370819091797,
    "F0475_gSDSS": -20.85616111755371,
    "F0515": -21.00564956665039,
    "F0626_rSDSS": -21.242761611938477,
    "F0660": -21.279441833496094,
    "F0769_iSDSS": -21.384449005126953,
    "F0861": -21.372573852539062,
    "F0883_zSDSS": -21.372127532958984
}