{
    "id": "rg0v-version-Star",
    "F0352_uJAVA": -19.512163162231445,
    "F0378": -19.755760192871094,
    "F0395": -19.894655227661133,
    "F0410": -20.446569442749023,
    "F0430": -20.508506774902344,
    "F0475_gSDSS": -20.844970703125,
    "F0515": -20.979312896728516,
    "F0626_rSDSS": -21.25626564025879,
    "F0660": -21.298978805541992,
    "F0769_iSDSS": -21.415407180786133,
    "F0861": -21.436687469482422,
    "F0883_zSDSS": -21.45454978942871
}