{
    "id": "rg5iii-version-Star",
    "F0352_uJAVA": -18.841793060302734,
    "F0378": -18.9483699798584,
    "F0395": -19.25775718688965,
    "F0410": -19.950847625732422,
    "F0430": -20.140405654907227,
    "F0475_gSDSS": -20.662216186523438,
    "F0515": -20.860286712646484,
    "F0626_rSDSS": -21.338041305541992,
    "F0660": -21.418228149414062,
    "F0769_iSDSS": -21.554372787475586,
    "F0861": -21.61547088623047,
    "F0883_zSDSS": -21.624486923217773
}