{
    "id": "rg5v-version-Star",
    "F0352_uJAVA": -19.297935485839844,
    "F0378": -19.504013061523438,
    "F0395": -19.668981552124023,
    "F0410": -20.29744529724121,
    "F0430": -20.39845085144043,
    "F0475_gSDSS": -20.77967643737793,
    "F0515": -20.94806671142578,
    "F0626_rSDSS": -21.281845092773438,
    "F0660": -21.339632034301758,
    "F0769_iSDSS": -21.420387268066406,
    "F0861": -21.44181251525879,
    "F0883_zSDSS": -21.46324348449707
}