{
    "id": "rk0iii-version-Star",
    "F0352_uJAVA": -18.330209732055664,
    "F0378": -18.557857513427734,
    "F0395": -18.955265045166016,
    "F0410": -19.72001838684082,
    "F0430": -20.009952545166016,
    "F0475_gSDSS": -20.600614547729492,
    "F0515": -20.833576202392578,
    "F0626_rSDSS": -21.383092880249023,
    "F0660": -21.486879348754883,
    "F0769_iSDSS": -21.645374298095703,
    "F0861": -21.74887466430664,
    "F0883_zSDSS": -21.75708770751953
}