{
    "id": "rk1iii-version-Star",
    "F0352_uJAVA": -17.910898208618164,
    "F0378": -18.15107536315918,
    "F0395": -18.74359703063965,
    "F0410": -19.47439956665039,
    "F0430": -19.847881317138672,
    "F0475_gSDSS": -20.531299591064453,
    "F0515": -20.759050369262695,
    "F0626_rSDSS": -21.404176712036133,
    "F0660": -21.500320434570312,
    "F0769_iSDSS": -21.701711654663086,
    "F0861": -21.807973861694336,
    "F0883_zSDSS": -21.84567642211914
}