{
    "id": "rk2iii-version-Star",
    "F0352_uJAVA": -17.836965560913086,
    "F0378": -18.024940490722656,
    "F0395": -18.441394805908203,
    "F0410": -19.31290054321289,
    "F0430": -19.733413696289062,
    "F0475_gSDSS": -20.48073387145996,
    "F0515": -20.737672805786133,
    "F0626_rSDSS": -21.43208885192871,
    "F0660": -21.563007354736328,
    "F0769_iSDSS": -21.764381408691406,
    "F0861": -21.882640838623047,
    "F0883_zSDSS": -21.913671493530273
}