{
    "id": "rk3iii-version-Star",
    "F0352_uJAVA": -17.47780990600586,
    "F0378": -17.660539627075195,
    "F0395": -18.124345779418945,
    "F0410": -19.03060531616211,
    "F0430": -19.512475967407227,
    "F0475_gSDSS": -20.40736198425293,
    "F0515": -20.68115234375,
    "F0626_rSDSS": -21.454227447509766,
    "F0660": -21.592435836791992,
    "F0769_iSDSS": -21.806575775146484,
    "F0861": -21.95542335510254,
    "F0883_zSDSS": -21.990245819091797
}