{
    "id": "rk4iii-version-Star",
    "F0352_uJAVA": -17.442312240600586,
    "F0378": -17.47348976135254,
    "F0395": -17.888742446899414,
    "F0410": -18.865262985229492,
    "F0430": -19.375722885131836,
    "F0475_gSDSS": -20.339399337768555,
    "F0515": -20.6219482421875,
    "F0626_rSDSS": -21.498796463012695,
    "F0660": -21.662500381469727,
    "F0769_iSDSS": -21.93008041381836,
    "F0861": -22.13252067565918,
    "F0883_zSDSS": -22.183786392211914
}