{
    "id": "rk5iii-version-Star",
    "F0352_uJAVA": -16.869226455688477,
    "F0378": -17.23164939880371,
    "F0395": -17.523435592651367,
    "F0410": -18.63397979736328,
    "F0430": -19.232622146606445,
    "F0475_gSDSS": -20.27505874633789,
    "F0515": -20.523347854614258,
    "F0626_rSDSS": -21.5651798248291,
    "F0660": -21.759199142456055,
    "F0769_iSDSS": -22.129413604736328,
    "F0861": -22.347280502319336,
    "F0883_zSDSS": -22.40460777282715
}