{
    "id": "uka3v-version-Star",
    "F0352_uJAVA": -19.94951629638672,
    "F0378": -20.455175399780273,
    "F0395": -20.960771560668945,
    "F0410": -21.188941955566406,
    "F0430": -21.169795989990234,
    "F0475_gSDSS": -21.172704696655273,
    "F0515": -21.174753189086914,
    "F0626_rSDSS": -21.036405563354492,
    "F0660": -20.918649673461914,
    "F0769_iSDSS": -20.872554779052734,
    "F0861": -20.766868591308594,
    "F0883_zSDSS": -20.745664596557617
}