{
    "id": "uka7iii-version-Star",
    "F0352_uJAVA": -19.754741668701172,
    "F0378": -20.276662826538086,
    "F0395": -20.689128875732422,
    "F0410": -21.00899314880371,
    "F0430": -21.05223274230957,
    "F0475_gSDSS": -21.08709144592285,
    "F0515": -21.11665153503418,
    "F0626_rSDSS": -21.092361450195312,
    "F0660": -21.023067474365234,
    "F0769_iSDSS": -20.99064064025879,
    "F0861": -20.932119369506836,
    "F0883_zSDSS": -20.93699073791504
}