{
    "id": "ukb12iii-version-Star",
    "F0352_uJAVA": -21.624065399169922,
    "F0378": -21.654878616333008,
    "F0395": -21.683073043823242,
    "F0410": -21.631731033325195,
    "F0430": -21.549840927124023,
    "F0475_gSDSS": -21.41392707824707,
    "F0515": -21.277484893798828,
    "F0626_rSDSS": -20.918956756591797,
    "F0660": -20.79256248474121,
    "F0769_iSDSS": -20.5773868560791,
    "F0861": -20.40479278564453,
    "F0883_zSDSS": -20.3411808013916
}