{
    "id": "ukb8i-version-Star",
    "F0352_uJAVA": -20.903337478637695,
    "F0378": -21.233617782592773,
    "F0395": -21.315935134887695,
    "F0410": -21.28961181640625,
    "F0430": -21.267311096191406,
    "F0475_gSDSS": -21.248947143554688,
    "F0515": -21.239639282226562,
    "F0626_rSDSS": -21.006912231445312,
    "F0660": -20.956789016723633,
    "F0769_iSDSS": -20.82100486755371,
    "F0861": -20.76052474975586,
    "F0883_zSDSS": -20.718822479248047
}