{
    "id": "ukf0i-version-Star",
    "F0352_uJAVA": -19.43782615661621,
    "F0378": -20.43311882019043,
    "F0395": -20.751981735229492,
    "F0410": -21.034446716308594,
    "F0430": -21.036598205566406,
    "F0475_gSDSS": -21.098011016845703,
    "F0515": -21.135297775268555,
    "F0626_rSDSS": -21.0959529876709,
    "F0660": -21.050806045532227,
    "F0769_iSDSS": -21.052635192871094,
    "F0861": -21.050418853759766,
    "F0883_zSDSS": -21.042570114135742
}