{
    "id": "ukf2v-version-Star",
    "F0352_uJAVA": -19.830638885498047,
    "F0378": -20.204540252685547,
    "F0395": -20.41250228881836,
    "F0410": -20.73070526123047,
    "F0430": -20.80685806274414,
    "F0475_gSDSS": -20.96782112121582,
    "F0515": -21.078121185302734,
    "F0626_rSDSS": -21.15939712524414,
    "F0660": -21.14437484741211,
    "F0769_iSDSS": -21.182788848876953,
    "F0861": -21.169218063354492,
    "F0883_zSDSS": -21.172210693359375
}