{
    "id": "ukf5iv-version-Star",
    "F0352_uJAVA": -19.827272415161133,
    "F0378": -20.15915870666504,
    "F0395": -20.364990234375,
    "F0410": -20.743589401245117,
    "F0430": -20.81360626220703,
    "F0475_gSDSS": -20.969226837158203,
    "F0515": -21.06791877746582,
    "F0626_rSDSS": -21.190845489501953,
    "F0660": -21.192716598510742,
    "F0769_iSDSS": -21.230281829833984,
    "F0861": -21.19685173034668,
    "F0883_zSDSS": -21.195127487182617
}