{
    "id": "ukf6v-version-Star",
    "F0352_uJAVA": -19.79084014892578,
    "F0378": -20.084598541259766,
    "F0395": -20.214820861816406,
    "F0410": -20.63899803161621,
    "F0430": -20.71118927001953,
    "F0475_gSDSS": -20.917633056640625,
    "F0515": -21.037084579467773,
    "F0626_rSDSS": -21.20257568359375,
    "F0660": -21.208065032958984,
    "F0769_iSDSS": -21.27570152282715,
    "F0861": -21.264354705810547,
    "F0883_zSDSS": -21.26877212524414
}