{
    "id": "ukf8iv-version-Star",
    "F0352_uJAVA": -19.622413635253906,
    "F0378": -19.87030792236328,
    "F0395": -20.007766723632812,
    "F0410": -20.51036262512207,
    "F0430": -20.594493865966797,
    "F0475_gSDSS": -20.872224807739258,
    "F0515": -21.013532638549805,
    "F0626_rSDSS": -21.20759391784668,
    "F0660": -21.219554901123047,
    "F0769_iSDSS": -21.296545028686523,
    "F0861": -21.286640167236328,
    "F0883_zSDSS": -21.294065475463867
}