{
    "id": "ukf8v-version-Star",
    "F0352_uJAVA": -19.64973258972168,
    "F0378": -19.95365333557129,
    "F0395": -20.06467628479004,
    "F0410": -20.52832794189453,
    "F0430": -20.60188865661621,
    "F0475_gSDSS": -20.86084747314453,
    "F0515": -21.00213623046875,
    "F0626_rSDSS": -21.21778678894043,
    "F0660": -21.251192092895508,
    "F0769_iSDSS": -21.309497833251953,
    "F0861": -21.320837020874023,
    "F0883_zSDSS": -21.340412139892578
}