{
    "id": "ukg0v-version-Star",
    "F0352_uJAVA": -19.58155059814453,
    "F0378": -19.872753143310547,
    "F0395": -19.96591567993164,
    "F0410": -20.482757568359375,
    "F0430": -20.56827735900879,
    "F0475_gSDSS": -20.860525131225586,
    "F0515": -21.002696990966797,
    "F0626_rSDSS": -21.238140106201172,
    "F0660": -21.25995635986328,
    "F0769_iSDSS": -21.373428344726562,
    "F0861": -21.38271141052246,
    "F0883_zSDSS": -21.391963958740234
}