{
    "id": "ukg2iv-version-Star",
    "F0352_uJAVA": -19.33884048461914,
    "F0378": -19.535703659057617,
    "F0395": -19.691696166992188,
    "F0410": -20.310237884521484,
    "F0430": -20.425308227539062,
    "F0475_gSDSS": -20.79921531677246,
    "F0515": -20.97596549987793,
    "F0626_rSDSS": -21.249296188354492,
    "F0660": -21.296409606933594,
    "F0769_iSDSS": -21.392179489135742,
    "F0861": -21.423324584960938,
    "F0883_zSDSS": -21.427453994750977
}