{
    "id": "ukg2v-version-Star",
    "F0352_uJAVA": -19.47210693359375,
    "F0378": -19.712696075439453,
    "F0395": -19.847143173217773,
    "F0410": -20.40592384338379,
    "F0430": -20.472078323364258,
    "F0475_gSDSS": -20.81602668762207,
    "F0515": -20.969635009765625,
    "F0626_rSDSS": -21.260677337646484,
    "F0660": -21.30042266845703,
    "F0769_iSDSS": -21.411182403564453,
    "F0861": -21.429838180541992,
    "F0883_zSDSS": -21.45090675354004
}