{
    "id": "ukg5v-version-Star",
    "F0352_uJAVA": -19.315649032592773,
    "F0378": -19.575504302978516,
    "F0395": -19.71367645263672,
    "F0410": -20.313249588012695,
    "F0430": -20.403791427612305,
    "F0475_gSDSS": -20.787445068359375,
    "F0515": -20.960357666015625,
    "F0626_rSDSS": -21.264379501342773,
    "F0660": -21.311756134033203,
    "F0769_iSDSS": -21.4241943359375,
    "F0861": -21.455120086669922,
    "F0883_zSDSS": -21.47555160522461
}