{
    "id": "ukg8v-version-Star",
    "F0352_uJAVA": -19.17845344543457,
    "F0378": -19.293472290039062,
    "F0395": -19.5037899017334,
    "F0410": -20.18242835998535,
    "F0430": -20.306669235229492,
    "F0475_gSDSS": -20.736679077148438,
    "F0515": -20.895614624023438,
    "F0626_rSDSS": -21.297157287597656,
    "F0660": -21.369762420654297,
    "F0769_iSDSS": -21.48268699645996,
    "F0861": -21.522790908813477,
    "F0883_zSDSS": -21.528017044067383
}