{
    "id": "ukg8i-version-Star",
    "F0352_uJAVA": -17.81174659729004,
    "F0378": -18.19984245300293,
    "F0395": -18.45983123779297,
    "F0410": -19.262256622314453,
    "F0430": -19.71849250793457,
    "F0475_gSDSS": -20.473705291748047,
    "F0515": -20.760746002197266,
    "F0626_rSDSS": -21.437707901000977,
    "F0660": -21.56233787536621,
    "F0769_iSDSS": -21.6641845703125,
    "F0861": -21.692466735839844,
    "F0883_zSDSS": -21.71799659729004
}