{
    "id": "ukk1iii-version-Star",
    "F0352_uJAVA": -18.275482177734375,
    "F0378": -18.44112777709961,
    "F0395": -18.86164093017578,
    "F0410": -19.649946212768555,
    "F0430": -19.963197708129883,
    "F0475_gSDSS": -20.587583541870117,
    "F0515": -20.837764739990234,
    "F0626_rSDSS": -21.407163619995117,
    "F0660": -21.51968002319336,
    "F0769_iSDSS": -21.702333450317383,
    "F0861": -21.798614501953125,
    "F0883_zSDSS": -21.83302116394043
}