{
    "id": "ukk2iii-version-Star",
    "F0352_uJAVA": -18.03110122680664,
    "F0378": -18.354717254638672,
    "F0395": -18.721599578857422,
    "F0410": -19.48604965209961,
    "F0430": -19.884876251220703,
    "F0475_gSDSS": -20.52264976501465,
    "F0515": -20.779294967651367,
    "F0626_rSDSS": -21.421730041503906,
    "F0660": -21.557376861572266,
    "F0769_iSDSS": -21.75963592529297,
    "F0861": -21.879648208618164,
    "F0883_zSDSS": -21.911489486694336
}