{
    "id": "ukk2i-version-Star",
    "F0352_uJAVA": -17.02372169494629,
    "F0378": -17.34075355529785,
    "F0395": -17.735990524291992,
    "F0410": -18.696502685546875,
    "F0430": -19.28034782409668,
    "F0475_gSDSS": -20.290206909179688,
    "F0515": -20.640932083129883,
    "F0626_rSDSS": -21.493213653564453,
    "F0660": -21.639829635620117,
    "F0769_iSDSS": -21.8609619140625,
    "F0861": -21.964481353759766,
    "F0883_zSDSS": -22.021007537841797
}