{
    "id": "ukk2v-version-Star",
    "F0352_uJAVA": -18.70743751525879,
    "F0378": -18.805395126342773,
    "F0395": -19.078519821166992,
    "F0410": -19.843364715576172,
    "F0430": -20.067956924438477,
    "F0475_gSDSS": -20.617734909057617,
    "F0515": -20.77235221862793,
    "F0626_rSDSS": -21.37073516845703,
    "F0660": -21.475786209106445,
    "F0769_iSDSS": -21.609846115112305,
    "F0861": -21.683818817138672,
    "F0883_zSDSS": -21.703144073486328
}