{
    "id": "ukk34ii-version-Star",
    "F0352_uJAVA": -16.95810890197754,
    "F0378": -17.32636070251465,
    "F0395": -17.819211959838867,
    "F0410": -18.82046127319336,
    "F0430": -19.3798885345459,
    "F0475_gSDSS": -20.33721923828125,
    "F0515": -20.64313507080078,
    "F0626_rSDSS": -21.493267059326172,
    "F0660": -21.644683837890625,
    "F0769_iSDSS": -21.910987854003906,
    "F0861": -22.086406707763672,
    "F0883_zSDSS": -22.136579513549805
}