{
    "id": "ukk3iii-version-Star",
    "F0352_uJAVA": -17.760225296020508,
    "F0378": -18.02874755859375,
    "F0395": -18.403661727905273,
    "F0410": -19.214141845703125,
    "F0430": -19.681917190551758,
    "F0475_gSDSS": -20.477020263671875,
    "F0515": -20.72894859313965,
    "F0626_rSDSS": -21.455875396728516,
    "F0660": -21.586000442504883,
    "F0769_iSDSS": -21.799633026123047,
    "F0861": -21.925933837890625,
    "F0883_zSDSS": -21.96225357055664
}