{
    "id": "ukk7v-version-Star",
    "F0352_uJAVA": -17.659832000732422,
    "F0378": -17.930856704711914,
    "F0395": -18.2464542388916,
    "F0410": -19.070852279663086,
    "F0430": -19.333311080932617,
    "F0475_gSDSS": -20.284936904907227,
    "F0515": -20.393503189086914,
    "F0626_rSDSS": -21.55374526977539,
    "F0660": -21.815021514892578,
    "F0769_iSDSS": -22.116289138793945,
    "F0861": -22.3185977935791,
    "F0883_zSDSS": -22.363567352294922
}