{
    "id": "ukm0iii-version-Star",
    "F0352_uJAVA": -17.07456398010254,
    "F0378": -17.531360626220703,
    "F0395": -17.684335708618164,
    "F0410": -18.895389556884766,
    "F0430": -19.36745834350586,
    "F0475_gSDSS": -20.323625564575195,
    "F0515": -20.557018280029297,
    "F0626_rSDSS": -21.552888870239258,
    "F0660": -21.76249885559082,
    "F0769_iSDSS": -22.210779190063477,
    "F0861": -22.466760635375977,
    "F0883_zSDSS": -22.535188674926758
}