{
    "id": "ukm1iii-version-Star",
    "F0352_uJAVA": -17.060813903808594,
    "F0378": -17.557743072509766,
    "F0395": -17.685155868530273,
    "F0410": -18.909536361694336,
    "F0430": -19.372909545898438,
    "F0475_gSDSS": -20.310298919677734,
    "F0515": -20.54856300354004,
    "F0626_rSDSS": -21.55019187927246,
    "F0660": -21.76839256286621,
    "F0769_iSDSS": -22.297521591186523,
    "F0861": -22.57830047607422,
    "F0883_zSDSS": -22.660858154296875
}