{
    "id": "ukm2v-version-Star",
    "F0352_uJAVA": -17.59937858581543,
    "F0378": -18.013675689697266,
    "F0395": -18.329233169555664,
    "F0410": -19.099140167236328,
    "F0430": -19.26224136352539,
    "F0475_gSDSS": -20.29531478881836,
    "F0515": -20.478961944580078,
    "F0626_rSDSS": -21.65212631225586,
    "F0660": -22.007291793823242,
    "F0769_iSDSS": -22.553604125976562,
    "F0861": -22.89304542541504,
    "F0883_zSDSS": -22.985464096069336
}