{
    "id": "ukm2iii-version-Star",
    "F0352_uJAVA": -17.01801109313965,
    "F0378": -17.51927947998047,
    "F0395": -17.686933517456055,
    "F0410": -18.925046920776367,
    "F0430": -19.382404327392578,
    "F0475_gSDSS": -20.313247680664062,
    "F0515": -20.582523345947266,
    "F0626_rSDSS": -21.58845329284668,
    "F0660": -21.832008361816406,
    "F0769_iSDSS": -22.412256240844727,
    "F0861": -22.716739654541016,
    "F0883_zSDSS": -22.80583381652832
}