{
    "id": "ukm2p5v-version-Star",
    "F0352_uJAVA": -17.436872482299805,
    "F0378": -17.867900848388672,
    "F0395": -18.236608505249023,
    "F0410": -18.908973693847656,
    "F0430": -19.173540115356445,
    "F0475_gSDSS": -20.295278549194336,
    "F0515": -20.533838272094727,
    "F0626_rSDSS": -21.689098358154297,
    "F0660": -22.11381721496582,
    "F0769_iSDSS": -22.777523040771484,
    "F0861": -23.18597984313965,
    "F0883_zSDSS": -23.282533645629883
}