{
    "id": "ukm3iii-version-Star",
    "F0352_uJAVA": -17.105632781982422,
    "F0378": -17.64620018005371,
    "F0395": -17.761154174804688,
    "F0410": -19.007152557373047,
    "F0430": -19.438308715820312,
    "F0475_gSDSS": -20.337919235229492,
    "F0515": -20.62457847595215,
    "F0626_rSDSS": -21.57912254333496,
    "F0660": -21.82802391052246,
    "F0769_iSDSS": -22.608552932739258,
    "F0861": -22.983600616455078,
    "F0883_zSDSS": -23.087902069091797
}