{
    "id": "ukm3ii-version-Star",
    "F0352_uJAVA": -16.457460403442383,
    "F0378": -17.22001838684082,
    "F0395": -17.485353469848633,
    "F0410": -18.502920150756836,
    "F0430": -19.05501365661621,
    "F0475_gSDSS": -20.218059539794922,
    "F0515": -20.57617950439453,
    "F0626_rSDSS": -21.66851234436035,
    "F0660": -21.926729202270508,
    "F0769_iSDSS": -22.800315856933594,
    "F0861": -23.2050724029541,
    "F0883_zSDSS": -23.29418182373047
}