{
    "id": "ukm4iii-version-Star",
    "F0352_uJAVA": -17.244342803955078,
    "F0378": -17.84454917907715,
    "F0395": -17.9470157623291,
    "F0410": -19.203237533569336,
    "F0430": -19.5588436126709,
    "F0475_gSDSS": -20.378808975219727,
    "F0515": -20.725324630737305,
    "F0626_rSDSS": -21.5933837890625,
    "F0660": -21.84990119934082,
    "F0769_iSDSS": -22.913721084594727,
    "F0861": -23.363422393798828,
    "F0883_zSDSS": -23.507734298706055
}