{
    "id": "ukm5v-version-Star",
    "F0352_uJAVA": -17.168270111083984,
    "F0378": -17.435649871826172,
    "F0395": -18.282184600830078,
    "F0410": -18.782896041870117,
    "F0430": -18.87958526611328,
    "F0475_gSDSS": -20.370195388793945,
    "F0515": -20.695579528808594,
    "F0626_rSDSS": -21.90304946899414,
    "F0660": -22.414892196655273,
    "F0769_iSDSS": -23.737918853759766,
    "F0861": -24.307409286499023,
    "F0883_zSDSS": -24.479246139526367
}