{
    "id": "ukm5iii-version-Star",
    "F0352_uJAVA": -17.664941787719727,
    "F0378": -18.308277130126953,
    "F0395": -18.399694442749023,
    "F0410": -19.593698501586914,
    "F0430": -19.760711669921875,
    "F0475_gSDSS": -20.46395492553711,
    "F0515": -20.8802433013916,
    "F0626_rSDSS": -21.625656127929688,
    "F0660": -21.89606475830078,
    "F0769_iSDSS": -23.295997619628906,
    "F0861": -23.836048126220703,
    "F0883_zSDSS": -24.066970825195312
}