{
    "id": "ukm7iii-version-Star",
    "F0352_uJAVA": -18.635498046875,
    "F0378": -19.392990112304688,
    "F0395": -19.355039596557617,
    "F0410": -20.420623779296875,
    "F0430": -19.85344886779785,
    "F0475_gSDSS": -20.583873748779297,
    "F0515": -21.11020851135254,
    "F0626_rSDSS": -21.908292770385742,
    "F0660": -22.196731567382812,
    "F0769_iSDSS": -24.33191680908203,
    "F0861": -25.132827758789062,
    "F0883_zSDSS": -25.628751754760742
}