{
    "id": "uko5v-version-Star",
    "F0352_uJAVA": -21.983522415161133,
    "F0378": -21.922292709350586,
    "F0395": -21.874345779418945,
    "F0410": -21.786344528198242,
    "F0430": -21.68206214904785,
    "F0475_gSDSS": -21.496437072753906,
    "F0515": -21.299793243408203,
    "F0626_rSDSS": -20.908416748046875,
    "F0660": -20.778770446777344,
    "F0769_iSDSS": -20.496999740600586,
    "F0861": -20.25103187561035,
    "F0883_zSDSS": -20.20638656616211
}