{
    "id": "ukrk0v-version-Star",
    "F0352_uJAVA": -18.888347625732422,
    "F0378": -19.002004623413086,
    "F0395": -19.304241180419922,
    "F0410": -20.03082275390625,
    "F0430": -20.206687927246094,
    "F0475_gSDSS": -20.685964584350586,
    "F0515": -20.83169937133789,
    "F0626_rSDSS": -21.331892013549805,
    "F0660": -21.404024124145508,
    "F0769_iSDSS": -21.516239166259766,
    "F0861": -21.558561325073242,
    "F0883_zSDSS": -21.596094131469727
}