{
    "id": "wf5v-version-Star",
    "F0352_uJAVA": -19.902524948120117,
    "F0378": -20.237184524536133,
    "F0395": -20.362197875976562,
    "F0410": -20.6823673248291,
    "F0430": -20.745887756347656,
    "F0475_gSDSS": -20.927017211914062,
    "F0515": -21.045879364013672,
    "F0626_rSDSS": -21.189287185668945,
    "F0660": -21.18375015258789,
    "F0769_iSDSS": -21.22743034362793,
    "F0861": -21.206510543823242,
    "F0883_zSDSS": -21.18863296508789
}