{
    "id": "wf8v-version-Star",
    "F0352_uJAVA": -19.727691650390625,
    "F0378": -20.03089141845703,
    "F0395": -20.130388259887695,
    "F0410": -20.540063858032227,
    "F0430": -20.630685806274414,
    "F0475_gSDSS": -20.879045486450195,
    "F0515": -21.01445770263672,
    "F0626_rSDSS": -21.208662033081055,
    "F0660": -21.235002517700195,
    "F0769_iSDSS": -21.294343948364258,
    "F0861": -21.270278930664062,
    "F0883_zSDSS": -21.271617889404297
}