{
    "id": "wg0v-version-Star",
    "F0352_uJAVA": -19.56861686706543,
    "F0378": -19.926902770996094,
    "F0395": -20.063270568847656,
    "F0410": -20.51882553100586,
    "F0430": -20.601634979248047,
    "F0475_gSDSS": -20.85443115234375,
    "F0515": -20.99428939819336,
    "F0626_rSDSS": -21.23078727722168,
    "F0660": -21.254941940307617,
    "F0769_iSDSS": -21.35553550720215,
    "F0861": -21.365018844604492,
    "F0883_zSDSS": -21.380258560180664
}