{
    "id": "wg5iii-version-Star",
    "F0352_uJAVA": -19.017650604248047,
    "F0378": -19.392337799072266,
    "F0395": -19.55127716064453,
    "F0410": -20.13946533203125,
    "F0430": -20.259033203125,
    "F0475_gSDSS": -20.691957473754883,
    "F0515": -20.8997802734375,
    "F0626_rSDSS": -21.325897216796875,
    "F0660": -21.41757583618164,
    "F0769_iSDSS": -21.530441284179688,
    "F0861": -21.590620040893555,
    "F0883_zSDSS": -21.620847702026367
}