{
    "id": "wg5v-version-Star",
    "F0352_uJAVA": -19.521448135375977,
    "F0378": -19.75981330871582,
    "F0395": -19.839431762695312,
    "F0410": -20.385099411010742,
    "F0430": -20.44706153869629,
    "F0475_gSDSS": -20.800174713134766,
    "F0515": -20.97112464904785,
    "F0626_rSDSS": -21.25916290283203,
    "F0660": -21.30278968811035,
    "F0769_iSDSS": -21.38115119934082,
    "F0861": -21.4006404876709,
    "F0883_zSDSS": -21.406747817993164
}