{
    "id": "wg8iii-version-Star",
    "F0352_uJAVA": -18.637264251708984,
    "F0378": -19.173519134521484,
    "F0395": -19.336572647094727,
    "F0410": -20.004629135131836,
    "F0430": -20.18254852294922,
    "F0475_gSDSS": -20.677114486694336,
    "F0515": -20.90121078491211,
    "F0626_rSDSS": -21.347064971923828,
    "F0660": -21.426013946533203,
    "F0769_iSDSS": -21.595661163330078,
    "F0861": -21.673381805419922,
    "F0883_zSDSS": -21.693443298339844
}