{
    "id": "wk0iii-version-Star",
    "F0352_uJAVA": -18.69097900390625,
    "F0378": -19.023038864135742,
    "F0395": -19.206228256225586,
    "F0410": -19.866830825805664,
    "F0430": -20.062837600708008,
    "F0475_gSDSS": -20.627765655517578,
    "F0515": -20.884668350219727,
    "F0626_rSDSS": -21.353679656982422,
    "F0660": -21.445188522338867,
    "F0769_iSDSS": -21.602567672729492,
    "F0861": -21.688400268554688,
    "F0883_zSDSS": -21.701175689697266
}