{
    "id": "wk1iii-version-Star",
    "F0352_uJAVA": -18.401288986206055,
    "F0378": -18.635238647460938,
    "F0395": -18.904478073120117,
    "F0410": -19.708345413208008,
    "F0430": -19.999046325683594,
    "F0475_gSDSS": -20.587251663208008,
    "F0515": -20.84376335144043,
    "F0626_rSDSS": -21.37579345703125,
    "F0660": -21.46491813659668,
    "F0769_iSDSS": -21.64258575439453,
    "F0861": -21.74237060546875,
    "F0883_zSDSS": -21.750551223754883
}