{
    "id": "wk2iii-version-Star",
    "F0352_uJAVA": -18.09790802001953,
    "F0378": -18.369131088256836,
    "F0395": -18.899139404296875,
    "F0410": -19.687763214111328,
    "F0430": -19.950729370117188,
    "F0475_gSDSS": -20.574495315551758,
    "F0515": -20.84039878845215,
    "F0626_rSDSS": -21.388553619384766,
    "F0660": -21.493059158325195,
    "F0769_iSDSS": -21.702138900756836,
    "F0861": -21.799026489257812,
    "F0883_zSDSS": -21.825359344482422
}