{
    "id": "wk3iii-version-Star",
    "F0352_uJAVA": -18.017101287841797,
    "F0378": -18.295137405395508,
    "F0395": -18.73187255859375,
    "F0410": -19.51749038696289,
    "F0430": -19.794689178466797,
    "F0475_gSDSS": -20.506925582885742,
    "F0515": -20.785877227783203,
    "F0626_rSDSS": -21.436677932739258,
    "F0660": -21.56503677368164,
    "F0769_iSDSS": -21.79915428161621,
    "F0861": -21.90866470336914,
    "F0883_zSDSS": -21.962797164916992
}