{
    "id": "wk4iii-version-Star",
    "F0352_uJAVA": -17.44383430480957,
    "F0378": -17.620450973510742,
    "F0395": -18.029077529907227,
    "F0410": -19.02001190185547,
    "F0430": -19.504545211791992,
    "F0475_gSDSS": -20.374492645263672,
    "F0515": -20.64775848388672,
    "F0626_rSDSS": -21.498241424560547,
    "F0660": -21.65851402282715,
    "F0769_iSDSS": -21.91820526123047,
    "F0861": -22.10187530517578,
    "F0883_zSDSS": -22.13752555847168
}